ParamName,Default Values,Type,Values,Description
bin_olay,0,Bool,[0 or 1],Binarize the overlay image?
is_edge,1,Bool,[0 or 1],Detect edges on the overlay image?
is_edge_olay,,Bool,[0 or 1],Detect edges on OverlayImg? If empty, uses is_edge
is_edge_olay2,,Bool,[0 or 1],Detect edges on OverlayImg2? If empty, uses is_edge
alpha_olay,1,Float,[0 to 1],Alpha (transparency) value of the overlay
perc_low,0,Int,[0 to 49],Lower intensity value for scaling the contrast of the underlay image
perc_high,100,Int,[51 to 100],Upper intensity value for scaling the contrast of the underlay image
olay_color,#0066ff,Text,#RRGGBB,RGB color for OverlayImg
olay2_label_colors,,Text,"Mappings like 1:#ffcc00+2:#ff3b30+3:#00bcd4",Optional label-specific RGB colors for OverlayImg2
